Latitude,Longitude,Value,dataDate,time,shortName
11.500,43.000,8.0796069835e-09,20200101,1200,pm10
11.500,43.750,4.8530781616e-09,20200101,1200,pm10
11.500,44.500,2.3279385086e-09,20200101,1200,pm10
10.750,43.000,9.2935359408e-09,20200101,1200,pm10
10.750,43.750,4.4211374561e-09,20200101,1200,pm10
10.750,44.500,2.0031880599e-09,20200101,1200,pm10
10.000,43.000,7.9265738417e-09,20200101,1200,pm10
10.000,43.750,4.0230474507e-09,20200101,1200,pm10
10.000,44.500,2.9960418590e-09,20200101,1200,pm10
11.500,43.000,9.3423728753e-09,20200101,1500,pm10
11.500,43.750,4.7736621323e-09,20200101,1500,pm10
11.500,44.500,2.3571880003e-09,20200101,1500,pm10
10.750,43.000,1.1501806396e-08,20200101,1500,pm10
10.750,43.750,4.4560992674e-09,20200101,1500,pm10
10.750,44.500,2.0034567338e-09,20200101,1500,pm10
10.000,43.000,9.2756466952e-09,20200101,1500,pm10
10.000,43.750,3.8954126591e-09,20200101,1500,pm10
10.000,44.500,3.9175185318e-09,20200101,1500,pm10
11.500,43.000,9.1577287975e-09,20200102,1200,pm10
11.500,43.750,8.1624449422e-09,20200102,1200,pm10
11.500,44.500,6.7953389582e-09,20200102,1200,pm10
10.750,43.000,1.1892068663e-08,20200102,1200,pm10
10.750,43.750,8.4753879470e-09,20200102,1200,pm10
10.750,44.500,7.3148962443e-09,20200102,1200,pm10
10.000,43.000,1.0878164147e-08,20200102,1200,pm10
10.000,43.750,8.2500850596e-09,20200102,1200,pm10
10.000,44.500,8.9010736559e-09,20200102,1200,pm10
11.500,43.000,1.4391676295e-08,20200102,1500,pm10
11.500,43.750,9.7914165664e-09,20200102,1500,pm10
11.500,44.500,6.6638996543e-09,20200102,1500,pm10
10.750,43.000,2.0024246261e-08,20200102,1500,pm10
10.750,43.750,9.6133545568e-09,20200102,1500,pm10
10.750,44.500,6.3610183787e-09,20200102,1500,pm10
10.000,43.000,1.4622137279e-08,20200102,1500,pm10
10.000,43.750,7.6446280417e-09,20200102,1500,pm10
10.000,44.500,7.5123951504e-09,20200102,1500,pm10
11.500,43.000,1.0921264337e-08,20200103,1200,pm10
11.500,43.750,1.0389318295e-08,20200103,1200,pm10
11.500,44.500,1.0837226672e-08,20200103,1200,pm10
10.750,43.000,1.0680911711e-08,20200103,1200,pm10
10.750,43.750,6.3599681077e-09,20200103,1200,pm10
10.750,44.500,6.5514327297e-09,20200103,1200,pm10
10.000,43.000,6.1192797496e-09,20200103,1200,pm10
10.000,43.750,3.2098674829e-09,20200103,1200,pm10
10.000,44.500,6.8500010109e-09,20200103,1200,pm10
11.500,43.000,1.5069395509e-08,20200103,1500,pm10
11.500,43.750,1.2842861885e-08,20200103,1500,pm10
11.500,44.500,1.2434264285e-08,20200103,1500,pm10
10.750,43.000,1.7737701086e-08,20200103,1500,pm10
10.750,43.750,9.0708240919e-09,20200103,1500,pm10
10.750,44.500,8.3248412608e-09,20200103,1500,pm10
10.000,43.000,1.0520456506e-08,20200103,1500,pm10
10.000,43.750,4.9483626086e-09,20200103,1500,pm10
10.000,44.500,1.2391600634e-08,20200103,1500,pm10
11.500,43.000,1.6949400106e-08,20200104,1200,pm10
11.500,43.750,1.0081332213e-08,20200104,1200,pm10
11.500,44.500,7.1505450450e-09,20200104,1200,pm10
10.750,43.000,2.0568997172e-08,20200104,1200,pm10
10.750,43.750,1.2603042165e-08,20200104,1200,pm10
10.750,44.500,9.0615115411e-09,20200104,1200,pm10
10.000,43.000,2.0472588069e-08,20200104,1200,pm10
10.000,43.750,1.4971990758e-08,20200104,1200,pm10
10.000,44.500,1.4724484743e-08,20200104,1200,pm10
11.500,43.000,1.6453093110e-08,20200104,1500,pm10
11.500,43.750,9.6214929357e-09,20200104,1500,pm10
11.500,44.500,6.8453314128e-09,20200104,1500,pm10
10.750,43.000,2.1787567306e-08,20200104,1500,pm10
10.750,43.750,1.0541247875e-08,20200104,1500,pm10
10.750,44.500,7.3320496341e-09,20200104,1500,pm10
10.000,43.000,2.0755058117e-08,20200104,1500,pm10
10.000,43.750,1.2677329408e-08,20200104,1500,pm10
10.000,44.500,1.5600416958e-08,20200104,1500,pm10
11.500,43.000,5.9382432305e-09,20200105,1200,pm10
11.500,43.750,6.7554264405e-09,20200105,1200,pm10
11.500,44.500,7.0087979864e-09,20200105,1200,pm10
10.750,43.000,5.8384959090e-09,20200105,1200,pm10
10.750,43.750,2.7553976878e-09,20200105,1200,pm10
10.750,44.500,2.8553168718e-09,20200105,1200,pm10
10.000,43.000,2.8158062548e-09,20200105,1200,pm10
10.000,43.750,4.1893732927e-10,20200105,1200,pm10
10.000,44.500,1.2609957523e-09,20200105,1200,pm10
11.500,43.000,8.8742904136e-09,20200105,1500,pm10
11.500,43.750,8.4738827066e-09,20200105,1500,pm10
11.500,44.500,7.5898138885e-09,20200105,1500,pm10
10.750,43.000,1.0367115832e-08,20200105,1500,pm10
10.750,43.750,5.2604993694e-09,20200105,1500,pm10
10.750,44.500,4.4442713953e-09,20200105,1500,pm10
10.000,43.000,5.2604673950e-09,20200105,1500,pm10
10.000,43.750,1.4182066632e-09,20200105,1500,pm10
10.000,44.500,6.5027589979e-09,20200105,1500,pm10
11.500,43.000,1.6739261532e-08,20200106,1200,pm10
11.500,43.750,1.6016967308e-08,20200106,1200,pm10
11.500,44.500,7.8893354072e-09,20200106,1200,pm10
10.750,43.000,1.7079316628e-08,20200106,1200,pm10
10.750,43.750,1.2518794890e-08,20200106,1200,pm10
10.750,44.500,6.2261138467e-09,20200106,1200,pm10
10.000,43.000,1.3157464451e-08,20200106,1200,pm10
10.000,43.750,8.8300078360e-09,20200106,1200,pm10
10.000,44.500,1.5506114615e-08,20200106,1200,pm10
11.500,43.000,1.7124785145e-08,20200106,1500,pm10
11.500,43.750,1.6392773361e-08,20200106,1500,pm10
11.500,44.500,7.5406969557e-09,20200106,1500,pm10
10.750,43.000,1.9860788569e-08,20200106,1500,pm10
10.750,43.750,1.3311842295e-08,20200106,1500,pm10
10.750,44.500,5.8447930940e-09,20200106,1500,pm10
10.000,43.000,1.5479789894e-08,20200106,1500,pm10
10.000,43.750,9.7276622313e-09,20200106,1500,pm10
10.000,44.500,2.1486130208e-08,20200106,1500,pm10
11.500,43.000,2.0254422139e-08,20200107,1200,pm10
11.500,43.750,2.2363488839e-08,20200107,1200,pm10
11.500,44.500,1.6244980472e-08,20200107,1200,pm10
10.750,43.000,1.6209840581e-08,20200107,1200,pm10
10.750,43.750,1.3079574757e-08,20200107,1200,pm10
10.750,44.500,6.7795529191e-09,20200107,1200,pm10
10.000,43.000,1.0252348304e-08,20200107,1200,pm10
10.000,43.750,7.0306320765e-09,20200107,1200,pm10
10.000,44.500,9.3426528736e-09,20200107,1200,pm10
11.500,43.000,2.3153772233e-08,20200107,1500,pm10
11.500,43.750,2.0419058444e-08,20200107,1500,pm10
11.500,44.500,1.2203221544e-08,20200107,1500,pm10
10.750,43.000,2.0759591379e-08,20200107,1500,pm10
10.750,43.750,1.3331984405e-08,20200107,1500,pm10
10.750,44.500,5.5919535669e-09,20200107,1500,pm10
10.000,43.000,1.2948863315e-08,20200107,1500,pm10
10.000,43.750,7.0491665838e-09,20200107,1500,pm10
10.000,44.500,1.0668342654e-08,20200107,1500,pm10
11.500,43.000,2.1283918628e-08,20200108,1200,pm10
11.500,43.750,2.5847208818e-08,20200108,1200,pm10
11.500,44.500,3.0556964958e-08,20200108,1200,pm10
10.750,43.000,2.1771201730e-08,20200108,1200,pm10
10.750,43.750,2.1839573705e-08,20200108,1200,pm10
10.750,44.500,2.6416163479e-08,20200108,1200,pm10
10.000,43.000,1.4569309315e-08,20200108,1200,pm10
10.000,43.750,1.6976720474e-08,20200108,1200,pm10
10.000,44.500,2.7380080425e-08,20200108,1200,pm10
11.500,43.000,2.8315263911e-08,20200108,1500,pm10
11.500,43.750,3.0404569529e-08,20200108,1500,pm10
11.500,44.500,3.2711352738e-08,20200108,1500,pm10
10.750,43.000,3.2807265349e-08,20200108,1500,pm10
10.750,43.750,2.6534677566e-08,20200108,1500,pm10
10.750,44.500,2.8608608815e-08,20200108,1500,pm10
10.000,43.000,2.2429078150e-08,20200108,1500,pm10
10.000,43.750,2.0714542970e-08,20200108,1500,pm10
10.000,44.500,2.9739535279e-08,20200108,1500,pm10
11.500,43.000,2.6495886374e-08,20200109,1200,pm10
11.500,43.750,2.6436302036e-08,20200109,1200,pm10
11.500,44.500,1.4376645652e-08,20200109,1200,pm10
10.750,43.000,2.1841644937e-08,20200109,1200,pm10
10.750,43.750,1.5624282312e-08,20200109,1200,pm10
10.750,44.500,8.3087545732e-09,20200109,1200,pm10
10.000,43.000,7.6173325425e-09,20200109,1200,pm10
10.000,43.750,3.2530831362e-09,20200109,1200,pm10
10.000,44.500,5.8950284654e-09,20200109,1200,pm10
11.500,43.000,2.9955524283e-08,20200109,1500,pm10
11.500,43.750,2.7878218845e-08,20200109,1500,pm10
11.500,44.500,1.6745849152e-08,20200109,1500,pm10
10.750,43.000,3.0014774666e-08,20200109,1500,pm10
10.750,43.750,1.7634885552e-08,20200109,1500,pm10
10.750,44.500,1.0296423270e-08,20200109,1500,pm10
10.000,43.000,1.3710947044e-08,20200109,1500,pm10
10.000,43.750,5.3376023601e-09,20200109,1500,pm10
10.000,44.500,9.9033190537e-09,20200109,1500,pm10
11.500,43.000,1.8082465525e-08,20200110,1200,pm10
11.500,43.750,1.4955829686e-08,20200110,1200,pm10
11.500,44.500,9.0187530777e-09,20200110,1200,pm10
10.750,43.000,1.4285628902e-08,20200110,1200,pm10
10.750,43.750,9.1967609084e-09,20200110,1200,pm10
10.750,44.500,4.4916499409e-09,20200110,1200,pm10
10.000,43.000,7.5795159038e-09,20200110,1200,pm10
10.000,43.750,3.3524509835e-09,20200110,1200,pm10
10.000,44.500,3.6551066618e-09,20200110,1200,pm10
11.500,43.000,1.9635752579e-08,20200110,1500,pm10
11.500,43.750,1.4907373114e-08,20200110,1500,pm10
11.500,44.500,9.0509431061e-09,20200110,1500,pm10
10.750,43.000,1.8240035260e-08,20200110,1500,pm10
10.750,43.750,1.0173216936e-08,20200110,1500,pm10
10.750,44.500,5.4369149183e-09,20200110,1500,pm10
10.000,43.000,1.1563285440e-08,20200110,1500,pm10
10.000,43.750,4.6569752499e-09,20200110,1500,pm10
10.000,44.500,6.1506177929e-09,20200110,1500,pm10
11.500,43.000,3.2937164107e-08,20200111,1200,pm10
11.500,43.750,3.8112373701e-08,20200111,1200,pm10
11.500,44.500,2.9588335337e-08,20200111,1200,pm10
10.750,43.000,3.8845943351e-08,20200111,1200,pm10
10.750,43.750,3.7285923682e-08,20200111,1200,pm10
10.750,44.500,2.7601704033e-08,20200111,1200,pm10
10.000,43.000,2.2381099640e-08,20200111,1200,pm10
10.000,43.750,2.0993839556e-08,20200111,1200,pm10
10.000,44.500,2.0836827375e-08,20200111,1200,pm10
11.500,43.000,2.4454303471e-08,20200111,1500,pm10
11.500,43.750,2.4204210192e-08,20200111,1500,pm10
11.500,44.500,2.4803819443e-08,20200111,1500,pm10
10.750,43.000,4.3389221105e-08,20200111,1500,pm10
10.750,43.750,3.1226448982e-08,20200111,1500,pm10
10.750,44.500,2.9786317413e-08,20200111,1500,pm10
10.000,43.000,3.6769577605e-08,20200111,1500,pm10
10.000,43.750,2.8173820610e-08,20200111,1500,pm10
10.000,44.500,3.3981384817e-08,20200111,1500,pm10
11.500,43.000,2.1229586089e-08,20200112,1200,pm10
11.500,43.750,2.5120948877e-08,20200112,1200,pm10
11.500,44.500,3.0189791111e-08,20200112,1200,pm10
10.750,43.000,2.3223202916e-08,20200112,1200,pm10
10.750,43.750,2.1596159527e-08,20200112,1200,pm10
10.750,44.500,2.4931368969e-08,20200112,1200,pm10
10.000,43.000,2.4116202368e-08,20200112,1200,pm10
10.000,43.750,2.3357010548e-08,20200112,1200,pm10
10.000,44.500,3.3577856939e-08,20200112,1200,pm10
11.500,43.000,2.1075974743e-08,20200112,1500,pm10
11.500,43.750,2.3696783202e-08,20200112,1500,pm10
11.500,44.500,3.1012229229e-08,20200112,1500,pm10
10.750,43.000,2.4974683654e-08,20200112,1500,pm10
10.750,43.750,2.0099914622e-08,20200112,1500,pm10
10.750,44.500,2.5629255163e-08,20200112,1500,pm10
10.000,43.000,2.5258474423e-08,20200112,1500,pm10
10.000,43.750,2.1767206704e-08,20200112,1500,pm10
10.000,44.500,3.6615928067e-08,20200112,1500,pm10
11.500,43.000,6.6876054916e-08,20200113,1200,pm10
11.500,43.750,8.6762312890e-08,20200113,1200,pm10
11.500,44.500,9.4856012822e-08,20200113,1200,pm10
10.750,43.000,5.2890321456e-08,20200113,1200,pm10
10.750,43.750,6.2034324344e-08,20200113,1200,pm10
10.750,44.500,6.9171228745e-08,20200113,1200,pm10
10.000,43.000,3.2984353027e-08,20200113,1200,pm10
10.000,43.750,4.2325488891e-08,20200113,1200,pm10
10.000,44.500,4.6371376072e-08,20200113,1200,pm10
11.500,43.000,7.9172327361e-08,20200113,1500,pm10
11.500,43.750,9.4585562493e-08,20200113,1500,pm10
11.500,44.500,1.0550217056e-07,20200113,1500,pm10
10.750,43.000,6.5651878600e-08,20200113,1500,pm10
10.750,43.750,7.0999842450e-08,20200113,1500,pm10
10.750,44.500,8.0737120101e-08,20200113,1500,pm10
10.000,43.000,4.3873260580e-08,20200113,1500,pm10
10.000,43.750,4.9474277120e-08,20200113,1500,pm10
10.000,44.500,5.1566370729e-08,20200113,1500,pm10
11.500,43.000,4.8018517163e-08,20200114,1200,pm10
11.500,43.750,7.0568198396e-08,20200114,1200,pm10
11.500,44.500,7.3780590526e-08,20200114,1200,pm10
10.750,43.000,4.0882060404e-08,20200114,1200,pm10
10.750,43.750,5.5209710581e-08,20200114,1200,pm10
10.750,44.500,6.3631851788e-08,20200114,1200,pm10
10.000,43.000,2.1694230412e-08,20200114,1200,pm10
10.000,43.750,3.4491321799e-08,20200114,1200,pm10
10.000,44.500,5.4971046382e-08,20200114,1200,pm10
11.500,43.000,4.9819639969e-08,20200114,1500,pm10
11.500,43.750,6.7350217847e-08,20200114,1500,pm10
11.500,44.500,6.4562389213e-08,20200114,1500,pm10
10.750,43.000,4.6918206209e-08,20200114,1500,pm10
10.750,43.750,5.6564001483e-08,20200114,1500,pm10
10.750,44.500,5.7972002310e-08,20200114,1500,pm10
10.000,43.000,2.7445707929e-08,20200114,1500,pm10
10.000,43.750,3.5635668638e-08,20200114,1500,pm10
10.000,44.500,5.4491824386e-08,20200114,1500,pm10
11.500,43.000,5.3130705169e-08,20200115,1200,pm10
11.500,43.750,5.1093719478e-08,20200115,1200,pm10
11.500,44.500,4.8878112224e-08,20200115,1200,pm10
10.750,43.000,4.6832195011e-08,20200115,1200,pm10
10.750,43.750,5.0797911655e-08,20200115,1200,pm10
10.750,44.500,4.9868626562e-08,20200115,1200,pm10
10.000,43.000,3.2824736707e-08,20200115,1200,pm10
10.000,43.750,3.8758964038e-08,20200115,1200,pm10
10.000,44.500,5.7325870273e-08,20200115,1200,pm10
11.500,43.000,4.8979661216e-08,20200115,1500,pm10
11.500,43.750,4.7110768620e-08,20200115,1500,pm10
11.500,44.500,4.2503232933e-08,20200115,1500,pm10
10.750,43.000,5.3673426592e-08,20200115,1500,pm10
10.750,43.750,4.6146926280e-08,20200115,1500,pm10
10.750,44.500,4.1911995652e-08,20200115,1500,pm10
10.000,43.000,4.0618328256e-08,20200115,1500,pm10
10.000,43.750,3.7652656104e-08,20200115,1500,pm10
10.000,44.500,5.4542397265e-08,20200115,1500,pm10
11.500,43.000,2.2828375634e-08,20200116,1200,pm10
11.500,43.750,2.2883632766e-08,20200116,1200,pm10
11.500,44.500,2.9540347057e-08,20200116,1200,pm10
10.750,43.000,2.2640152864e-08,20200116,1200,pm10
10.750,43.750,1.8236752553e-08,20200116,1200,pm10
10.750,44.500,2.4725496317e-08,20200116,1200,pm10
10.000,43.000,1.1745619588e-08,20200116,1200,pm10
10.000,43.750,1.0098139214e-08,20200116,1200,pm10
10.000,44.500,2.3408192718e-08,20200116,1200,pm10
11.500,43.000,2.8923736295e-08,20200116,1500,pm10
11.500,43.750,3.6327271857e-08,20200116,1500,pm10
11.500,44.500,5.9473588720e-08,20200116,1500,pm10
10.750,43.000,3.3801565991e-08,20200116,1500,pm10
10.750,43.750,2.6709496836e-08,20200116,1500,pm10
10.750,44.500,4.6958707145e-08,20200116,1500,pm10
10.000,43.000,1.9851654542e-08,20200116,1500,pm10
10.000,43.750,1.7418070541e-08,20200116,1500,pm10
10.000,44.500,3.7216182136e-08,20200116,1500,pm10
11.500,43.000,3.7516979745e-08,20200117,1200,pm10
11.500,43.750,3.8195983265e-08,20200117,1200,pm10
11.500,44.500,3.9705801314e-08,20200117,1200,pm10
10.750,43.000,3.3313490633e-08,20200117,1200,pm10
10.750,43.750,3.0676547524e-08,20200117,1200,pm10
10.750,44.500,3.2680956608e-08,20200117,1200,pm10
10.000,43.000,1.6622220045e-08,20200117,1200,pm10
10.000,43.750,1.7150046716e-08,20200117,1200,pm10
10.000,44.500,3.0465793444e-08,20200117,1200,pm10
11.500,43.000,4.1185471034e-08,20200117,1500,pm10
11.500,43.750,4.0793667111e-08,20200117,1500,pm10
11.500,44.500,4.2112885623e-08,20200117,1500,pm10
10.750,43.000,4.2228958108e-08,20200117,1500,pm10
10.750,43.750,3.3598553273e-08,20200117,1500,pm10
10.750,44.500,3.4948319794e-08,20200117,1500,pm10
10.000,43.000,2.5226723821e-08,20200117,1500,pm10
10.000,43.750,2.1360504476e-08,20200117,1500,pm10
10.000,44.500,3.6422539651e-08,20200117,1500,pm10
11.500,43.000,2.3862952503e-08,20200118,1200,pm10
11.500,43.750,2.4625812500e-08,20200118,1200,pm10
11.500,44.500,2.4897069295e-08,20200118,1200,pm10
10.750,43.000,2.1934710936e-08,20200118,1200,pm10
10.750,43.750,1.9876346791e-08,20200118,1200,pm10
10.750,44.500,2.0533978073e-08,20200118,1200,pm10
10.000,43.000,1.1994067073e-08,20200118,1200,pm10
10.000,43.750,1.1818637624e-08,20200118,1200,pm10
10.000,44.500,2.1278667717e-08,20200118,1200,pm10
11.500,43.000,2.5636576417e-08,20200118,1500,pm10
11.500,43.750,2.3720864384e-08,20200118,1500,pm10
11.500,44.500,2.1450413890e-08,20200118,1500,pm10
10.750,43.000,2.6382041440e-08,20200118,1500,pm10
10.750,43.750,2.0015506585e-08,20200118,1500,pm10
10.750,44.500,1.8102611854e-08,20200118,1500,pm10
10.000,43.000,1.7210830094e-08,20200118,1500,pm10
10.000,43.750,1.3657733611e-08,20200118,1500,pm10
10.000,44.500,2.4008158128e-08,20200118,1500,pm10
11.500,43.000,1.4746987409e-08,20200119,1200,pm10
11.500,43.750,1.2297544982e-08,20200119,1200,pm10
11.500,44.500,1.0921237026e-08,20200119,1200,pm10
10.750,43.000,1.1098034269e-08,20200119,1200,pm10
10.750,43.750,7.6935646742e-09,20200119,1200,pm10
10.750,44.500,6.5114746928e-09,20200119,1200,pm10
10.000,43.000,4.9979671513e-09,20200119,1200,pm10
10.000,43.750,2.4271462618e-09,20200119,1200,pm10
10.000,44.500,9.9975332457e-09,20200119,1200,pm10
11.500,43.000,1.6689429394e-08,20200119,1500,pm10
11.500,43.750,1.2647939585e-08,20200119,1500,pm10
11.500,44.500,1.0741041834e-08,20200119,1500,pm10
10.750,43.000,1.5912700491e-08,20200119,1500,pm10
10.750,43.750,9.1320249140e-09,20200119,1500,pm10
10.750,44.500,7.2098442772e-09,20200119,1500,pm10
10.000,43.000,9.1036103100e-09,20200119,1500,pm10
10.000,43.750,4.4436534452e-09,20200119,1500,pm10
10.000,44.500,1.5525898789e-08,20200119,1500,pm10
11.500,43.000,1.7563960952e-08,20200120,1200,pm10
11.500,43.750,1.6189071417e-08,20200120,1200,pm10
11.500,44.500,1.2930049920e-08,20200120,1200,pm10
10.750,43.000,1.9771660753e-08,20200120,1200,pm10
10.750,43.750,1.5227326955e-08,20200120,1200,pm10
10.750,44.500,1.1230840258e-08,20200120,1200,pm10
10.000,43.000,1.8100400290e-08,20200120,1200,pm10
10.000,43.750,1.4647253188e-08,20200120,1200,pm10
10.000,44.500,2.2399835764e-08,20200120,1200,pm10
11.500,43.000,1.7685284348e-08,20200120,1500,pm10
11.500,43.750,1.4473730658e-08,20200120,1500,pm10
11.500,44.500,1.0780890847e-08,20200120,1500,pm10
10.750,43.000,1.9988567246e-08,20200120,1500,pm10
10.750,43.750,1.3658633335e-08,20200120,1500,pm10
10.750,44.500,9.4306553677e-09,20200120,1500,pm10
10.000,43.000,1.8350480246e-08,20200120,1500,pm10
10.000,43.750,1.3279292332e-08,20200120,1500,pm10
10.000,44.500,2.5582229668e-08,20200120,1500,pm10
11.500,43.000,1.2033583019e-08,20200121,1200,pm10
11.500,43.750,3.8718859230e-09,20200121,1200,pm10
11.500,44.500,2.2164883262e-09,20200121,1200,pm10
10.750,43.000,6.5418959139e-09,20200121,1200,pm10
10.750,43.750,3.6531337955e-09,20200121,1200,pm10
10.750,44.500,2.9022659831e-09,20200121,1200,pm10
10.000,43.000,3.4915892400e-09,20200121,1200,pm10
10.000,43.750,1.3674643640e-09,20200121,1200,pm10
10.000,44.500,1.1799065724e-08,20200121,1200,pm10
11.500,43.000,1.4280780558e-08,20200121,1500,pm10
11.500,43.750,4.3426848784e-09,20200121,1500,pm10
11.500,44.500,1.9771726478e-09,20200121,1500,pm10
10.750,43.000,1.0844014131e-08,20200121,1500,pm10
10.750,43.750,4.8185522239e-09,20200121,1500,pm10
10.750,44.500,2.9406099777e-09,20200121,1500,pm10
10.000,43.000,6.7675851589e-09,20200121,1500,pm10
10.000,43.750,3.1351654606e-09,20200121,1500,pm10
10.000,44.500,1.6405289127e-08,20200121,1500,pm10
11.500,43.000,1.5495452921e-08,20200122,1200,pm10
11.500,43.750,9.3160315018e-09,20200122,1200,pm10
11.500,44.500,7.3091426245e-09,20200122,1200,pm10
10.750,43.000,1.5413563759e-08,20200122,1200,pm10
10.750,43.750,1.0915027104e-08,20200122,1200,pm10
10.750,44.500,8.2771638432e-09,20200122,1200,pm10
10.000,43.000,1.4998172482e-08,20200122,1200,pm10
10.000,43.750,1.2596927057e-08,20200122,1200,pm10
10.000,44.500,1.8158929471e-08,20200122,1200,pm10
11.500,43.000,1.4160165485e-08,20200122,1500,pm10
11.500,43.750,8.1273281438e-09,20200122,1500,pm10
11.500,44.500,6.7022956074e-09,20200122,1500,pm10
10.750,43.000,1.6991291041e-08,20200122,1500,pm10
10.750,43.750,8.5223987867e-09,20200122,1500,pm10
10.750,44.500,6.6153731382e-09,20200122,1500,pm10
10.000,43.000,1.6583263651e-08,20200122,1500,pm10
10.000,43.750,1.0916621385e-08,20200122,1500,pm10
10.000,44.500,2.0048093852e-08,20200122,1500,pm10
11.500,43.000,1.4402090187e-08,20200123,1200,pm10
11.500,43.750,1.1073264083e-08,20200123,1200,pm10
11.500,44.500,7.6757062928e-09,20200123,1200,pm10
10.750,43.000,1.1941149403e-08,20200123,1200,pm10
10.750,43.750,8.7839264751e-09,20200123,1200,pm10
10.750,44.500,5.5645950070e-09,20200123,1200,pm10
10.000,43.000,7.2790156125e-09,20200123,1200,pm10
10.000,43.750,4.7456012453e-09,20200123,1200,pm10
10.000,44.500,7.8171424889e-09,20200123,1200,pm10
11.500,43.000,1.7402669528e-08,20200123,1500,pm10
11.500,43.750,1.0238709436e-08,20200123,1500,pm10
11.500,44.500,6.2820184610e-09,20200123,1500,pm10
10.750,43.000,1.9788042316e-08,20200123,1500,pm10
10.750,43.750,9.1582244011e-09,20200123,1500,pm10
10.750,44.500,5.3535664790e-09,20200123,1500,pm10
10.000,43.000,1.4830768613e-08,20200123,1500,pm10
10.000,43.750,6.3270411133e-09,20200123,1500,pm10
10.000,44.500,1.3602951654e-08,20200123,1500,pm10
11.500,43.000,1.7656661910e-08,20200124,1200,pm10
11.500,43.750,1.6280010229e-08,20200124,1200,pm10
11.500,44.500,1.4835922713e-08,20200124,1200,pm10
10.750,43.000,2.8236868843e-08,20200124,1200,pm10
10.750,43.750,2.0212448604e-08,20200124,1200,pm10
10.750,44.500,1.6328161934e-08,20200124,1200,pm10
10.000,43.000,3.1597130246e-08,20200124,1200,pm10
10.000,43.750,2.5224670352e-08,20200124,1200,pm10
10.000,44.500,2.4704981172e-08,20200124,1200,pm10
11.500,43.000,1.8299669335e-08,20200124,1500,pm10
11.500,43.750,1.5187861635e-08,20200124,1500,pm10
11.500,44.500,1.3616828554e-08,20200124,1500,pm10
10.750,43.000,2.7751561049e-08,20200124,1500,pm10
10.750,43.750,1.7036354549e-08,20200124,1500,pm10
10.750,44.500,1.3931590104e-08,20200124,1500,pm10
10.000,43.000,2.9776723309e-08,20200124,1500,pm10
10.000,43.750,2.1444108711e-08,20200124,1500,pm10
10.000,44.500,2.2993413396e-08,20200124,1500,pm10
11.500,43.000,1.5387394470e-08,20200125,1200,pm10
11.500,43.750,1.5584092239e-08,20200125,1200,pm10
11.500,44.500,1.5282622057e-08,20200125,1200,pm10
10.750,43.000,1.5620507332e-08,20200125,1200,pm10
10.750,43.750,1.5068522652e-08,20200125,1200,pm10
10.750,44.500,1.4383404912e-08,20200125,1200,pm10
10.000,43.000,1.3364873430e-08,20200125,1200,pm10
10.000,43.750,1.3194427551e-08,20200125,1200,pm10
10.000,44.500,1.6558342697e-08,20200125,1200,pm10
11.500,43.000,1.7113923612e-08,20200125,1500,pm10
11.500,43.750,1.5059944847e-08,20200125,1500,pm10
11.500,44.500,1.3607392102e-08,20200125,1500,pm10
10.750,43.000,1.6100944134e-08,20200125,1500,pm10
10.750,43.750,1.4671428072e-08,20200125,1500,pm10
10.750,44.500,1.3541643362e-08,20200125,1500,pm10
10.000,43.000,1.4320806763e-08,20200125,1500,pm10
10.000,43.750,1.3317682068e-08,20200125,1500,pm10
10.000,44.500,2.0014686353e-08,20200125,1500,pm10
11.500,43.000,1.3586068270e-08,20200126,1200,pm10
11.500,43.750,1.0063236466e-08,20200126,1200,pm10
11.500,44.500,8.0300672778e-09,20200126,1200,pm10
10.750,43.000,1.4430771245e-08,20200126,1200,pm10
10.750,43.750,1.0915752746e-08,20200126,1200,pm10
10.750,44.500,8.7205211940e-09,20200126,1200,pm10
10.000,43.000,1.3493215434e-08,20200126,1200,pm10
10.000,43.750,1.0985374388e-08,20200126,1200,pm10
10.000,44.500,1.7335640479e-08,20200126,1200,pm10
11.500,43.000,1.5006155429e-08,20200126,1500,pm10
11.500,43.750,1.1533355604e-08,20200126,1500,pm10
11.500,44.500,8.0318769413e-09,20200126,1500,pm10
10.750,43.000,1.4889742328e-08,20200126,1500,pm10
10.750,43.750,1.1042622816e-08,20200126,1500,pm10
10.750,44.500,8.3431412889e-09,20200126,1500,pm10
10.000,43.000,1.3363048001e-08,20200126,1500,pm10
10.000,43.750,1.0097169767e-08,20200126,1500,pm10
10.000,44.500,1.3704887003e-08,20200126,1500,pm10
11.500,43.000,4.6427476974e-08,20200127,1200,pm10
11.500,43.750,6.1836246346e-08,20200127,1200,pm10
11.500,44.500,9.0655287721e-08,20200127,1200,pm10
10.750,43.000,3.8440120420e-08,20200127,1200,pm10
10.750,43.750,4.1905888537e-08,20200127,1200,pm10
10.750,44.500,6.6625617023e-08,20200127,1200,pm10
10.000,43.000,3.3138384481e-08,20200127,1200,pm10
10.000,43.750,3.6520109603e-08,20200127,1200,pm10
10.000,44.500,3.6308616558e-08,20200127,1200,pm10
11.500,43.000,6.0873535546e-08,20200127,1500,pm10
11.500,43.750,1.0465578626e-07,20200127,1500,pm10
11.500,44.500,1.6154729465e-07,20200127,1500,pm10
10.750,43.000,5.2881450330e-08,20200127,1500,pm10
10.750,43.750,6.9480780240e-08,20200127,1500,pm10
10.750,44.500,1.1910391962e-07,20200127,1500,pm10
10.000,43.000,3.5404372767e-08,20200127,1500,pm10
10.000,43.750,4.8350774051e-08,20200127,1500,pm10
10.000,44.500,5.8677347425e-08,20200127,1500,pm10
11.500,43.000,1.5653252206e-07,20200128,1200,pm10
11.500,43.750,1.5882989857e-07,20200128,1200,pm10
11.500,44.500,1.5755858840e-07,20200128,1200,pm10
10.750,43.000,1.3507968077e-07,20200128,1200,pm10
10.750,43.750,1.3836136503e-07,20200128,1200,pm10
10.750,44.500,1.3782067043e-07,20200128,1200,pm10
10.000,43.000,8.0844273498e-08,20200128,1200,pm10
10.000,43.750,8.8075601923e-08,20200128,1200,pm10
10.000,44.500,9.8734233234e-08,20200128,1200,pm10
11.500,43.000,1.5375690054e-07,20200128,1500,pm10
11.500,43.750,1.5376620865e-07,20200128,1500,pm10
11.500,44.500,1.5272923548e-07,20200128,1500,pm10
10.750,43.000,1.4255702396e-07,20200128,1500,pm10
10.750,43.750,1.3573072266e-07,20200128,1500,pm10
10.750,44.500,1.3482067729e-07,20200128,1500,pm10
10.000,43.000,9.9223225192e-08,20200128,1500,pm10
10.000,43.750,9.6215394763e-08,20200128,1500,pm10
10.000,44.500,1.0741965184e-07,20200128,1500,pm10
11.500,43.000,6.1118177186e-08,20200129,1200,pm10
11.500,43.750,5.8002980197e-08,20200129,1200,pm10
11.500,44.500,5.3990808269e-08,20200129,1200,pm10
10.750,43.000,6.1593176781e-08,20200129,1200,pm10
10.750,43.750,5.8614082477e-08,20200129,1200,pm10
10.750,44.500,5.5613101679e-08,20200129,1200,pm10
10.000,43.000,4.9953903236e-08,20200129,1200,pm10
10.000,43.750,5.0791650885e-08,20200129,1200,pm10
10.000,44.500,6.3724925781e-08,20200129,1200,pm10
11.500,43.000,5.8208000198e-08,20200129,1500,pm10
11.500,43.750,5.4474877942e-08,20200129,1500,pm10
11.500,44.500,5.1556282799e-08,20200129,1500,pm10
10.750,43.000,6.3385146021e-08,20200129,1500,pm10
10.750,43.750,5.1708733295e-08,20200129,1500,pm10
10.750,44.500,4.8725606661e-08,20200129,1500,pm10
10.000,43.000,5.0766329807e-08,20200129,1500,pm10
10.000,43.750,4.5930566017e-08,20200129,1500,pm10
10.000,44.500,5.9168403510e-08,20200129,1500,pm10
11.500,43.000,4.5918252312e-08,20200130,1200,pm10
11.500,43.750,4.7842570794e-08,20200130,1200,pm10
11.500,44.500,4.9207709907e-08,20200130,1200,pm10
10.750,43.000,4.3384728698e-08,20200130,1200,pm10
10.750,43.750,4.6347132354e-08,20200130,1200,pm10
10.750,44.500,4.8936451336e-08,20200130,1200,pm10
10.000,43.000,3.3887753048e-08,20200130,1200,pm10
10.000,43.750,3.7647609474e-08,20200130,1200,pm10
10.000,44.500,5.0696474574e-08,20200130,1200,pm10
11.500,43.000,4.9728477336e-08,20200130,1500,pm10
11.500,43.750,4.8374925399e-08,20200130,1500,pm10
11.500,44.500,4.7224842703e-08,20200130,1500,pm10
10.750,43.000,5.0869767065e-08,20200130,1500,pm10
10.750,43.750,4.7560931193e-08,20200130,1500,pm10
10.750,44.500,4.7483405652e-08,20200130,1500,pm10
10.000,43.000,3.9702252153e-08,20200130,1500,pm10
10.000,43.750,3.9685946973e-08,20200130,1500,pm10
10.000,44.500,5.5832547474e-08,20200130,1500,pm10
11.500,43.000,4.0669518420e-08,20200131,1200,pm10
11.500,43.750,4.2721977067e-08,20200131,1200,pm10
11.500,44.500,4.2336770534e-08,20200131,1200,pm10
10.750,43.000,5.1299800852e-08,20200131,1200,pm10
10.750,43.750,4.4975029923e-08,20200131,1200,pm10
10.750,44.500,4.4235894947e-08,20200131,1200,pm10
10.000,43.000,4.9800215507e-08,20200131,1200,pm10
10.000,43.750,4.5649541924e-08,20200131,1200,pm10
10.000,44.500,4.8260536012e-08,20200131,1200,pm10
11.500,43.000,4.2127973998e-08,20200131,1500,pm10
11.500,43.750,4.1588590349e-08,20200131,1500,pm10
11.500,44.500,3.8527550927e-08,20200131,1500,pm10
10.750,43.000,5.4382894632e-08,20200131,1500,pm10
10.750,43.750,4.1724565136e-08,20200131,1500,pm10
10.750,44.500,3.8531771551e-08,20200131,1500,pm10
10.000,43.000,5.1237300625e-08,20200131,1500,pm10
10.000,43.750,4.2080920082e-08,20200131,1500,pm10
10.000,44.500,4.7572985551e-08,20200131,1500,pm10
